,AAPL,MSFT
AAPL,-1.1498448138423116,0.8950186780894968
MSFT,-0.2870067455885948,0.5616768353513875
