,AAPL,MSFT
AAPL,1.3333333333333333,0.6853412928640559
MSFT,0.6853412928640559,1.3333333333333333
