,AAPL,MSFT
AAPL,-1.149844980701163,0.8950152848217001
MSFT,-0.28700162780377864,0.5616744005599889
