,AAPL,MSFT
AAPL,1.333333333333334,0.6853411556872315
MSFT,0.6853411556872315,1.333333333333333
