{
  "stats": {
    "ann_return": 0.4679850886691901,
    "ann_vol": 0.21643137817844096,
    "sharpe": 2.1622792989071615,
    "cum_return": 0.44359082143928097,
    "max_drawdown": -0.12337029562705298
  }
}