,AAPL,MSFT
AAPL,-1.1498424954426385,0.8950098794327555
MSFT,-0.28699748595163505,0.5616708908663612
