,AAPL,MSFT
AAPL,1.3333333333333333,0.685334916308838
MSFT,0.685334916308838,1.333333333333333
